<annotation>
	<folder>train_raw_card_image</folder>
	<filename>aeonFerrari.jpg</filename>
	<path>/Users/qinzx/Documents/train_raw_card_image/aeonFerrari.jpg</path>
	<source>
		<database>Unknown</database>
	</source>
	<size>
		<width>260</width>
		<height>163</height>
		<depth>3</depth>
	</size>
	<segmented>0</segmented>
	<object>
		<name>card_number</name>
		<pose>Unspecified</pose>
		<truncated>0</truncated>
		<difficult>0</difficult>
		<bndbox>
			<xmin>24</xmin>
			<ymin>88</ymin>
			<xmax>234</xmax>
			<ymax>106</ymax>
		</bndbox>
	</object>
</annotation>
