<annotation>
	<folder>train_raw_card_image</folder>
	<filename>aeonJAL.jpg</filename>
	<path>/Users/qinzx/Documents/train_raw_card_image/aeonJAL.jpg</path>
	<source>
		<database>Unknown</database>
	</source>
	<size>
		<width>1200</width>
		<height>750</height>
		<depth>3</depth>
	</size>
	<segmented>0</segmented>
	<object>
		<name>card_number</name>
		<pose>Unspecified</pose>
		<truncated>0</truncated>
		<difficult>0</difficult>
		<bndbox>
			<xmin>125</xmin>
			<ymin>408</ymin>
			<xmax>1069</xmax>
			<ymax>492</ymax>
		</bndbox>
	</object>
</annotation>
