<annotation>
	<folder>train_raw_card_image</folder>
	<filename>amexCathay.jpg</filename>
	<path>/Users/qinzx/Documents/train_raw_card_image/amexCathay.jpg</path>
	<source>
		<database>Unknown</database>
	</source>
	<size>
		<width>960</width>
		<height>608</height>
		<depth>3</depth>
	</size>
	<segmented>0</segmented>
	<object>
		<name>card_number</name>
		<pose>Unspecified</pose>
		<truncated>0</truncated>
		<difficult>0</difficult>
		<bndbox>
			<xmin>141</xmin>
			<ymin>334</ymin>
			<xmax>812</xmax>
			<ymax>397</ymax>
		</bndbox>
	</object>
</annotation>
