<annotation>
	<folder>train_raw_card_image</folder>
	<filename>amexGoldCorp.jpg</filename>
	<path>/Users/qinzx/Documents/train_raw_card_image/amexGoldCorp.jpg</path>
	<source>
		<database>Unknown</database>
	</source>
	<size>
		<width>591</width>
		<height>372</height>
		<depth>3</depth>
	</size>
	<segmented>0</segmented>
	<object>
		<name>card_number</name>
		<pose>Unspecified</pose>
		<truncated>0</truncated>
		<difficult>0</difficult>
		<bndbox>
			<xmin>85</xmin>
			<ymin>205</ymin>
			<xmax>497</xmax>
			<ymax>247</ymax>
		</bndbox>
	</object>
</annotation>
