<annotation>
	<folder>train_raw_card_image</folder>
	<filename>amexBlueCash.jpg</filename>
	<path>/Users/qinzx/Documents/train_raw_card_image/amexBlueCash.jpg</path>
	<source>
		<database>Unknown</database>
	</source>
	<size>
		<width>1136</width>
		<height>714</height>
		<depth>3</depth>
	</size>
	<segmented>0</segmented>
	<object>
		<name>card_number</name>
		<pose>Unspecified</pose>
		<truncated>0</truncated>
		<difficult>0</difficult>
		<bndbox>
			<xmin>161</xmin>
			<ymin>393</ymin>
			<xmax>951</xmax>
			<ymax>464</ymax>
		</bndbox>
	</object>
</annotation>
