<annotation>
	<folder>train_raw_card_image</folder>
	<filename>amexCathyCorp.jpg</filename>
	<path>/Users/qinzx/Documents/train_raw_card_image/amexCathyCorp.jpg</path>
	<source>
		<database>Unknown</database>
	</source>
	<size>
		<width>0</width>
		<height>0</height>
		<depth>3</depth>
	</size>
	<segmented>0</segmented>
	<object>
		<name>card_number</name>
		<pose>Unspecified</pose>
		<truncated>0</truncated>
		<difficult>0</difficult>
		<bndbox>
			<xmin>68</xmin>
			<ymin>169</ymin>
			<xmax>409</xmax>
			<ymax>197</ymax>
		</bndbox>
	</object>
</annotation>
