<annotation>
	<folder>train_raw_card_image</folder>
	<filename>amexCorp.jpg</filename>
	<path>/Users/qinzx/Documents/train_raw_card_image/amexCorp.jpg</path>
	<source>
		<database>Unknown</database>
	</source>
	<size>
		<width>698</width>
		<height>440</height>
		<depth>3</depth>
	</size>
	<segmented>0</segmented>
	<object>
		<name>card_number</name>
		<pose>Unspecified</pose>
		<truncated>0</truncated>
		<difficult>0</difficult>
		<bndbox>
			<xmin>98</xmin>
			<ymin>246</ymin>
			<xmax>593</xmax>
			<ymax>293</ymax>
		</bndbox>
	</object>
</annotation>
