<annotation>
	<folder>train_raw_card_image</folder>
	<filename>bankOfCommFWD.jpg</filename>
	<path>/Users/qinzx/Documents/train_raw_card_image/bankOfCommFWD.jpg</path>
	<source>
		<database>Unknown</database>
	</source>
	<size>
		<width>571</width>
		<height>359</height>
		<depth>3</depth>
	</size>
	<segmented>0</segmented>
	<object>
		<name>card_number</name>
		<pose>Unspecified</pose>
		<truncated>0</truncated>
		<difficult>0</difficult>
		<bndbox>
			<xmin>57</xmin>
			<ymin>203</ymin>
			<xmax>528</xmax>
			<ymax>248</ymax>
		</bndbox>
	</object>
</annotation>
