<annotation>
	<folder>train_raw_card_image</folder>
	<filename>bankOfChinaPlatinum.jpg</filename>
	<path>/Users/qinzx/Documents/train_raw_card_image/bankOfChinaPlatinum.jpg</path>
	<source>
		<database>Unknown</database>
	</source>
	<size>
		<width>300</width>
		<height>191</height>
		<depth>3</depth>
	</size>
	<segmented>0</segmented>
	<object>
		<name>card_number</name>
		<pose>Unspecified</pose>
		<truncated>0</truncated>
		<difficult>0</difficult>
		<bndbox>
			<xmin>28</xmin>
			<ymin>104</ymin>
			<xmax>279</xmax>
			<ymax>125</ymax>
		</bndbox>
	</object>
</annotation>
