<annotation>
	<folder>train_raw_card_image</folder>
	<filename>bankOfChinaSogoVisaPlatinum.jpg</filename>
	<path>/Users/qinzx/Documents/train_raw_card_image/bankOfChinaSogoVisaPlatinum.jpg</path>
	<source>
		<database>Unknown</database>
	</source>
	<size>
		<width>299</width>
		<height>190</height>
		<depth>3</depth>
	</size>
	<segmented>0</segmented>
	<object>
		<name>card_number</name>
		<pose>Unspecified</pose>
		<truncated>0</truncated>
		<difficult>0</difficult>
		<bndbox>
			<xmin>31</xmin>
			<ymin>101</ymin>
			<xmax>277</xmax>
			<ymax>126</ymax>
		</bndbox>
	</object>
</annotation>
