<annotation>
	<folder>train_raw_card_image</folder>
	<filename>bankOfChinaSinoPlatinum.jpg</filename>
	<path>/Users/qinzx/Documents/train_raw_card_image/bankOfChinaSinoPlatinum.jpg</path>
	<source>
		<database>Unknown</database>
	</source>
	<size>
		<width>300</width>
		<height>189</height>
		<depth>3</depth>
	</size>
	<segmented>0</segmented>
	<object>
		<name>card_number</name>
		<pose>Unspecified</pose>
		<truncated>0</truncated>
		<difficult>0</difficult>
		<bndbox>
			<xmin>27</xmin>
			<ymin>103</ymin>
			<xmax>275</xmax>
			<ymax>125</ymax>
		</bndbox>
	</object>
</annotation>
