<annotation>
	<folder>train_raw_card_image</folder>
	<filename>beaAgeas.jpg</filename>
	<path>/Users/qinzx/Documents/train_raw_card_image/beaAgeas.jpg</path>
	<source>
		<database>Unknown</database>
	</source>
	<size>
		<width>117</width>
		<height>74</height>
		<depth>3</depth>
	</size>
	<segmented>0</segmented>
	<object>
		<name>card_number</name>
		<pose>Unspecified</pose>
		<truncated>0</truncated>
		<difficult>0</difficult>
		<bndbox>
			<xmin>9</xmin>
			<ymin>41</ymin>
			<xmax>105</xmax>
			<ymax>50</ymax>
		</bndbox>
	</object>
</annotation>
