<annotation>
	<folder>train_raw_card_image</folder>
	<filename>beaFlyerWorld.jpg</filename>
	<path>/Users/qinzx/Documents/train_raw_card_image/beaFlyerWorld.jpg</path>
	<source>
		<database>Unknown</database>
	</source>
	<size>
		<width>378</width>
		<height>239</height>
		<depth>3</depth>
	</size>
	<segmented>0</segmented>
	<object>
		<name>card_number</name>
		<pose>Unspecified</pose>
		<truncated>0</truncated>
		<difficult>0</difficult>
		<bndbox>
			<xmin>33</xmin>
			<ymin>133</ymin>
			<xmax>338</xmax>
			<ymax>162</ymax>
		</bndbox>
	</object>
</annotation>
