<annotation>
	<folder>train_raw_card_image</folder>
	<filename>beaJCB.jpg</filename>
	<path>/Users/qinzx/Documents/train_raw_card_image/beaJCB.jpg</path>
	<source>
		<database>Unknown</database>
	</source>
	<size>
		<width>173</width>
		<height>111</height>
		<depth>3</depth>
	</size>
	<segmented>0</segmented>
	<object>
		<name>card_number</name>
		<pose>Unspecified</pose>
		<truncated>0</truncated>
		<difficult>0</difficult>
		<bndbox>
			<xmin>15</xmin>
			<ymin>59</ymin>
			<xmax>157</xmax>
			<ymax>73</ymax>
		</bndbox>
	</object>
</annotation>
