<annotation>
	<folder>train_raw_card_image</folder>
	<filename>beaPlatinum.jpg</filename>
	<path>/Users/qinzx/Documents/train_raw_card_image/beaPlatinum.jpg</path>
	<source>
		<database>Unknown</database>
	</source>
	<size>
		<width>156</width>
		<height>98</height>
		<depth>3</depth>
	</size>
	<segmented>0</segmented>
	<object>
		<name>card_number</name>
		<pose>Unspecified</pose>
		<truncated>0</truncated>
		<difficult>0</difficult>
		<bndbox>
			<xmin>11</xmin>
			<ymin>53</ymin>
			<xmax>140</xmax>
			<ymax>65</ymax>
		</bndbox>
	</object>
</annotation>
