<annotation>
	<folder>train_raw_card_image</folder>
	<filename>bociCard.jpg</filename>
	<path>/Users/qinzx/Documents/train_raw_card_image/bociCard.jpg</path>
	<source>
		<database>Unknown</database>
	</source>
	<size>
		<width>290</width>
		<height>179</height>
		<depth>3</depth>
	</size>
	<segmented>0</segmented>
	<object>
		<name>card_number</name>
		<pose>Unspecified</pose>
		<truncated>0</truncated>
		<difficult>0</difficult>
		<bndbox>
			<xmin>26</xmin>
			<ymin>97</ymin>
			<xmax>270</xmax>
			<ymax>121</ymax>
		</bndbox>
	</object>
</annotation>
