<annotation>
	<folder>train_raw_card_image</folder>
	<filename>bocommUnionPay.jpg</filename>
	<path>/Users/qinzx/Documents/train_raw_card_image/bocommUnionPay.jpg</path>
	<source>
		<database>Unknown</database>
	</source>
	<size>
		<width>106</width>
		<height>67</height>
		<depth>3</depth>
	</size>
	<segmented>0</segmented>
	<object>
		<name>card_number</name>
		<pose>Unspecified</pose>
		<truncated>0</truncated>
		<difficult>0</difficult>
		<bndbox>
			<xmin>8</xmin>
			<ymin>34</ymin>
			<xmax>98</xmax>
			<ymax>44</ymax>
		</bndbox>
	</object>
</annotation>
