<annotation>
	<folder>train_raw_card_image</folder>
	<filename>bocommPlatinum.jpg</filename>
	<path>/Users/qinzx/Documents/train_raw_card_image/bocommPlatinum.jpg</path>
	<source>
		<database>Unknown</database>
	</source>
	<size>
		<width>505</width>
		<height>320</height>
		<depth>3</depth>
	</size>
	<segmented>0</segmented>
	<object>
		<name>card_number</name>
		<pose>Unspecified</pose>
		<truncated>0</truncated>
		<difficult>0</difficult>
		<bndbox>
			<xmin>46</xmin>
			<ymin>180</ymin>
			<xmax>454</xmax>
			<ymax>217</ymax>
		</bndbox>
	</object>
</annotation>
