<annotation>
	<folder>train_raw_card_image</folder>
	<filename>bocommGoGoal.jpg</filename>
	<path>/Users/qinzx/Documents/train_raw_card_image/bocommGoGoal.jpg</path>
	<source>
		<database>Unknown</database>
	</source>
	<size>
		<width>1014</width>
		<height>638</height>
		<depth>3</depth>
	</size>
	<segmented>0</segmented>
	<object>
		<name>card_number</name>
		<pose>Unspecified</pose>
		<truncated>0</truncated>
		<difficult>0</difficult>
		<bndbox>
			<xmin>100</xmin>
			<ymin>352</ymin>
			<xmax>928</xmax>
			<ymax>425</ymax>
		</bndbox>
	</object>
</annotation>
