<annotation>
	<folder>train_raw_card_image</folder>
	<filename>ccbAIA.jpg</filename>
	<path>/Users/qinzx/Documents/train_raw_card_image/ccbAIA.jpg</path>
	<source>
		<database>Unknown</database>
	</source>
	<size>
		<width>92</width>
		<height>56</height>
		<depth>3</depth>
	</size>
	<segmented>0</segmented>
	<object>
		<name>card_number</name>
		<pose>Unspecified</pose>
		<truncated>0</truncated>
		<difficult>0</difficult>
		<bndbox>
			<xmin>8</xmin>
			<ymin>30</ymin>
			<xmax>87</xmax>
			<ymax>38</ymax>
		</bndbox>
	</object>
</annotation>
