<annotation>
	<folder>train_raw_card_image</folder>
	<filename>ccbEye.jpg</filename>
	<path>/Users/qinzx/Documents/train_raw_card_image/ccbEye.jpg</path>
	<source>
		<database>Unknown</database>
	</source>
	<size>
		<width>499</width>
		<height>323</height>
		<depth>3</depth>
	</size>
	<segmented>0</segmented>
	<object>
		<name>card_number</name>
		<pose>Unspecified</pose>
		<truncated>0</truncated>
		<difficult>0</difficult>
		<bndbox>
			<xmin>38</xmin>
			<ymin>179</ymin>
			<xmax>456</xmax>
			<ymax>212</ymax>
		</bndbox>
	</object>
</annotation>
