<annotation>
	<folder>train_raw_card_image</folder>
	<filename>ccbFlyAway.jpg</filename>
	<path>/Users/qinzx/Documents/train_raw_card_image/ccbFlyAway.jpg</path>
	<source>
		<database>Unknown</database>
	</source>
	<size>
		<width>713</width>
		<height>448</height>
		<depth>3</depth>
	</size>
	<segmented>0</segmented>
	<object>
		<name>card_number</name>
		<pose>Unspecified</pose>
		<truncated>0</truncated>
		<difficult>0</difficult>
		<bndbox>
			<xmin>65</xmin>
			<ymin>245</ymin>
			<xmax>658</xmax>
			<ymax>296</ymax>
		</bndbox>
	</object>
</annotation>
