<annotation>
	<folder>train_raw_card_image</folder>
	<filename>ccbMasterCard.jpg</filename>
	<path>/Users/qinzx/Documents/train_raw_card_image/ccbMasterCard.jpg</path>
	<source>
		<database>Unknown</database>
	</source>
	<size>
		<width>789</width>
		<height>496</height>
		<depth>3</depth>
	</size>
	<segmented>0</segmented>
	<object>
		<name>card_number</name>
		<pose>Unspecified</pose>
		<truncated>0</truncated>
		<difficult>0</difficult>
		<bndbox>
			<xmin>81</xmin>
			<ymin>281</ymin>
			<xmax>724</xmax>
			<ymax>337</ymax>
		</bndbox>
	</object>
</annotation>
