<annotation>
	<folder>train_raw_card_image</folder>
	<filename>ccbOctopus.jpg</filename>
	<path>/Users/qinzx/Documents/train_raw_card_image/ccbOctopus.jpg</path>
	<source>
		<database>Unknown</database>
	</source>
	<size>
		<width>200</width>
		<height>126</height>
		<depth>3</depth>
	</size>
	<segmented>0</segmented>
	<object>
		<name>card_number</name>
		<pose>Unspecified</pose>
		<truncated>0</truncated>
		<difficult>0</difficult>
		<bndbox>
			<xmin>18</xmin>
			<ymin>67</ymin>
			<xmax>185</xmax>
			<ymax>83</ymax>
		</bndbox>
	</object>
</annotation>
