<annotation>
	<folder>train_raw_card_image</folder>
	<filename>ccbTastiePass.jpg</filename>
	<path>/Users/qinzx/Documents/train_raw_card_image/ccbTastiePass.jpg</path>
	<source>
		<database>Unknown</database>
	</source>
	<size>
		<width>377</width>
		<height>240</height>
		<depth>3</depth>
	</size>
	<segmented>0</segmented>
	<object>
		<name>card_number</name>
		<pose>Unspecified</pose>
		<truncated>0</truncated>
		<difficult>0</difficult>
		<bndbox>
			<xmin>40</xmin>
			<ymin>129</ymin>
			<xmax>361</xmax>
			<ymax>159</ymax>
		</bndbox>
	</object>
</annotation>
