<annotation>
	<folder>train_raw_card_image</folder>
	<filename>ccbTiramisu.jpg</filename>
	<path>/Users/qinzx/Documents/train_raw_card_image/ccbTiramisu.jpg</path>
	<source>
		<database>Unknown</database>
	</source>
	<size>
		<width>301</width>
		<height>192</height>
		<depth>3</depth>
	</size>
	<segmented>0</segmented>
	<object>
		<name>card_number</name>
		<pose>Unspecified</pose>
		<truncated>0</truncated>
		<difficult>0</difficult>
		<bndbox>
			<xmin>30</xmin>
			<ymin>104</ymin>
			<xmax>277</xmax>
			<ymax>127</ymax>
		</bndbox>
	</object>
</annotation>
