<annotation>
	<folder>train_raw_card_image</folder>
	<filename>chongHIngChicco.jpg</filename>
	<path>/Users/qinzx/Documents/train_raw_card_image/chongHIngChicco.jpg</path>
	<source>
		<database>Unknown</database>
	</source>
	<size>
		<width>128</width>
		<height>81</height>
		<depth>3</depth>
	</size>
	<segmented>0</segmented>
	<object>
		<name>card_number</name>
		<pose>Unspecified</pose>
		<truncated>0</truncated>
		<difficult>0</difficult>
		<bndbox>
			<xmin>8</xmin>
			<ymin>46</ymin>
			<xmax>118</xmax>
			<ymax>56</ymax>
		</bndbox>
	</object>
</annotation>
