<annotation>
	<folder>train_raw_card_image</folder>
	<filename>chongHingKINGcomics.jpg</filename>
	<path>/Users/qinzx/Documents/train_raw_card_image/chongHingKINGcomics.jpg</path>
	<source>
		<database>Unknown</database>
	</source>
	<size>
		<width>129</width>
		<height>83</height>
		<depth>3</depth>
	</size>
	<segmented>0</segmented>
	<object>
		<name>card_number</name>
		<pose>Unspecified</pose>
		<truncated>0</truncated>
		<difficult>0</difficult>
		<bndbox>
			<xmin>12</xmin>
			<ymin>45</ymin>
			<xmax>122</xmax>
			<ymax>55</ymax>
		</bndbox>
	</object>
</annotation>
