<annotation>
	<folder>train_raw_card_image</folder>
	<filename>citicMotion.jpg</filename>
	<path>/Users/qinzx/Documents/train_raw_card_image/citicMotion.jpg</path>
	<source>
		<database>Unknown</database>
	</source>
	<size>
		<width>250</width>
		<height>158</height>
		<depth>3</depth>
	</size>
	<segmented>0</segmented>
	<object>
		<name>card_number</name>
		<pose>Unspecified</pose>
		<truncated>0</truncated>
		<difficult>0</difficult>
		<bndbox>
			<xmin>26</xmin>
			<ymin>86</ymin>
			<xmax>228</xmax>
			<ymax>103</ymax>
		</bndbox>
	</object>
</annotation>
