<annotation>
	<folder>train_raw_card_image</folder>
	<filename>citibankRewards.jpg</filename>
	<path>/Users/qinzx/Documents/train_raw_card_image/citibankRewards.jpg</path>
	<source>
		<database>Unknown</database>
	</source>
	<size>
		<width>200</width>
		<height>127</height>
		<depth>3</depth>
	</size>
	<segmented>0</segmented>
	<object>
		<name>card_number</name>
		<pose>Unspecified</pose>
		<truncated>0</truncated>
		<difficult>0</difficult>
		<bndbox>
			<xmin>20</xmin>
			<ymin>68</ymin>
			<xmax>180</xmax>
			<ymax>82</ymax>
		</bndbox>
	</object>
</annotation>
