<annotation>
	<folder>train_raw_card_image</folder>
	<filename>dahSingAutotoll.jpg</filename>
	<path>/Users/qinzx/Documents/train_raw_card_image/dahSingAutotoll.jpg</path>
	<source>
		<database>Unknown</database>
	</source>
	<size>
		<width>221</width>
		<height>139</height>
		<depth>3</depth>
	</size>
	<segmented>0</segmented>
	<object>
		<name>card_number</name>
		<pose>Unspecified</pose>
		<truncated>0</truncated>
		<difficult>0</difficult>
		<bndbox>
			<xmin>19</xmin>
			<ymin>76</ymin>
			<xmax>201</xmax>
			<ymax>92</ymax>
		</bndbox>
	</object>
</annotation>
