<annotation>
	<folder>train_raw_card_image</folder>
	<filename>dahSingOnePlus.jpg</filename>
	<path>/Users/qinzx/Documents/train_raw_card_image/dahSingOnePlus.jpg</path>
	<source>
		<database>Unknown</database>
	</source>
	<size>
		<width>200</width>
		<height>127</height>
		<depth>3</depth>
	</size>
	<segmented>0</segmented>
	<object>
		<name>card_number</name>
		<pose>Unspecified</pose>
		<truncated>0</truncated>
		<difficult>0</difficult>
		<bndbox>
			<xmin>18</xmin>
			<ymin>68</ymin>
			<xmax>179</xmax>
			<ymax>82</ymax>
		</bndbox>
	</object>
</annotation>
