<annotation>
	<folder>train_raw_card_image</folder>
	<filename>dahSingOkashi.jpg</filename>
	<path>/Users/qinzx/Documents/train_raw_card_image/dahSingOkashi.jpg</path>
	<source>
		<database>Unknown</database>
	</source>
	<size>
		<width>222</width>
		<height>141</height>
		<depth>3</depth>
	</size>
	<segmented>0</segmented>
	<object>
		<name>card_number</name>
		<pose>Unspecified</pose>
		<truncated>0</truncated>
		<difficult>0</difficult>
		<bndbox>
			<xmin>20</xmin>
			<ymin>75</ymin>
			<xmax>204</xmax>
			<ymax>93</ymax>
		</bndbox>
	</object>
</annotation>
