<annotation>
	<folder>train_raw_card_image</folder>
	<filename>dbsCorp.jpg</filename>
	<path>/Users/qinzx/Documents/train_raw_card_image/dbsCorp.jpg</path>
	<source>
		<database>Unknown</database>
	</source>
	<size>
		<width>113</width>
		<height>72</height>
		<depth>3</depth>
	</size>
	<segmented>0</segmented>
	<object>
		<name>card_number</name>
		<pose>Unspecified</pose>
		<truncated>0</truncated>
		<difficult>0</difficult>
		<bndbox>
			<xmin>9</xmin>
			<ymin>40</ymin>
			<xmax>104</xmax>
			<ymax>49</ymax>
		</bndbox>
	</object>
</annotation>
