<annotation>
	<folder>train_raw_card_image</folder>
	<filename>dbsManulife.jpg</filename>
	<path>/Users/qinzx/Documents/train_raw_card_image/dbsManulife.jpg</path>
	<source>
		<database>Unknown</database>
	</source>
	<size>
		<width>143</width>
		<height>89</height>
		<depth>3</depth>
	</size>
	<segmented>0</segmented>
	<object>
		<name>card_number</name>
		<pose>Unspecified</pose>
		<truncated>0</truncated>
		<difficult>0</difficult>
		<bndbox>
			<xmin>13</xmin>
			<ymin>49</ymin>
			<xmax>129</xmax>
			<ymax>60</ymax>
		</bndbox>
	</object>
</annotation>
