<annotation>
	<folder>train_raw_card_image</folder>
	<filename>dbsPayLess.jpg</filename>
	<path>/Users/qinzx/Documents/train_raw_card_image/dbsPayLess.jpg</path>
	<source>
		<database>Unknown</database>
	</source>
	<size>
		<width>170</width>
		<height>107</height>
		<depth>3</depth>
	</size>
	<segmented>0</segmented>
	<object>
		<name>card_number</name>
		<pose>Unspecified</pose>
		<truncated>0</truncated>
		<difficult>0</difficult>
		<bndbox>
			<xmin>16</xmin>
			<ymin>58</ymin>
			<xmax>151</xmax>
			<ymax>72</ymax>
		</bndbox>
	</object>
</annotation>
