<annotation>
	<folder>train_raw_card_image</folder>
	<filename>fuBonTitanium.jpg</filename>
	<path>/Users/qinzx/Documents/train_raw_card_image/fuBonTitanium.jpg</path>
	<source>
		<database>Unknown</database>
	</source>
	<size>
		<width>2168</width>
		<height>1368</height>
		<depth>3</depth>
	</size>
	<segmented>0</segmented>
	<object>
		<name>card_number</name>
		<pose>Unspecified</pose>
		<truncated>0</truncated>
		<difficult>0</difficult>
		<bndbox>
			<xmin>207</xmin>
			<ymin>755</ymin>
			<xmax>2007</xmax>
			<ymax>903</ymax>
		</bndbox>
	</object>
</annotation>
