<annotation>
	<folder>train_raw_card_image</folder>
	<filename>fubonYATAKUMAMOTO.jpg</filename>
	<path>/Users/qinzx/Documents/train_raw_card_image/fubonYATAKUMAMOTO.jpg</path>
	<source>
		<database>Unknown</database>
	</source>
	<size>
		<width>575</width>
		<height>360</height>
		<depth>3</depth>
	</size>
	<segmented>0</segmented>
	<object>
		<name>card_number</name>
		<pose>Unspecified</pose>
		<truncated>0</truncated>
		<difficult>0</difficult>
		<bndbox>
			<xmin>47</xmin>
			<ymin>195</ymin>
			<xmax>526</xmax>
			<ymax>243</ymax>
		</bndbox>
	</object>
</annotation>
