<annotation>
	<folder>train_raw_card_image</folder>
	<filename>fuBonPlatVisa.jpg</filename>
	<path>/Users/qinzx/Documents/train_raw_card_image/fuBonPlatVisa.jpg</path>
	<source>
		<database>Unknown</database>
	</source>
	<size>
		<width>2172</width>
		<height>1364</height>
		<depth>3</depth>
	</size>
	<segmented>0</segmented>
	<object>
		<name>card_number</name>
		<pose>Unspecified</pose>
		<truncated>0</truncated>
		<difficult>0</difficult>
		<bndbox>
			<xmin>199</xmin>
			<ymin>725</ymin>
			<xmax>1985</xmax>
			<ymax>901</ymax>
		</bndbox>
	</object>
</annotation>
