<annotation>
	<folder>train_raw_card_image</folder>
	<filename>fubonYATA.jpg</filename>
	<path>/Users/qinzx/Documents/train_raw_card_image/fubonYATA.jpg</path>
	<source>
		<database>Unknown</database>
	</source>
	<size>
		<width>555</width>
		<height>349</height>
		<depth>3</depth>
	</size>
	<segmented>0</segmented>
	<object>
		<name>card_number</name>
		<pose>Unspecified</pose>
		<truncated>0</truncated>
		<difficult>0</difficult>
		<bndbox>
			<xmin>56</xmin>
			<ymin>190</ymin>
			<xmax>515</xmax>
			<ymax>234</ymax>
		</bndbox>
	</object>
</annotation>
