<annotation>
	<folder>train_raw_card_image</folder>
	<filename>hangSengenJoyVisaPlatinum.jpg</filename>
	<path>/Users/qinzx/Documents/train_raw_card_image/hangSengenJoyVisaPlatinum.jpg</path>
	<source>
		<database>Unknown</database>
	</source>
	<size>
		<width>2724</width>
		<height>1716</height>
		<depth>3</depth>
	</size>
	<segmented>0</segmented>
	<object>
		<name>card_number</name>
		<pose>Unspecified</pose>
		<truncated>0</truncated>
		<difficult>0</difficult>
		<bndbox>
			<xmin>297</xmin>
			<ymin>946</ymin>
			<xmax>2409</xmax>
			<ymax>1111</ymax>
		</bndbox>
	</object>
</annotation>
