<annotation>
	<folder>train_raw_card_image</folder>
	<filename>hangSengPlatinumVisa.jpg</filename>
	<path>/Users/qinzx/Documents/train_raw_card_image/hangSengPlatinumVisa.jpg</path>
	<source>
		<database>Unknown</database>
	</source>
	<size>
		<width>2688</width>
		<height>1712</height>
		<depth>3</depth>
	</size>
	<segmented>0</segmented>
	<object>
		<name>card_number</name>
		<pose>Unspecified</pose>
		<truncated>0</truncated>
		<difficult>0</difficult>
		<bndbox>
			<xmin>285</xmin>
			<ymin>932</ymin>
			<xmax>2409</xmax>
			<ymax>1126</ymax>
		</bndbox>
	</object>
</annotation>
