<annotation>
	<folder>train_raw_card_image</folder>
	<filename>hangSengMpower.jpg</filename>
	<path>/Users/qinzx/Documents/train_raw_card_image/hangSengMpower.jpg</path>
	<source>
		<database>Unknown</database>
	</source>
	<size>
		<width>2720</width>
		<height>1696</height>
		<depth>3</depth>
	</size>
	<segmented>0</segmented>
	<object>
		<name>card_number</name>
		<pose>Unspecified</pose>
		<truncated>0</truncated>
		<difficult>0</difficult>
		<bndbox>
			<xmin>248</xmin>
			<ymin>930</ymin>
			<xmax>2472</xmax>
			<ymax>1124</ymax>
		</bndbox>
	</object>
</annotation>
