<annotation>
	<folder>train_raw_card_image</folder>
	<filename>hangSengForeverFriends.jpg</filename>
	<path>/Users/qinzx/Documents/train_raw_card_image/hangSengForeverFriends.jpg</path>
	<source>
		<database>Unknown</database>
	</source>
	<size>
		<width>183</width>
		<height>116</height>
		<depth>3</depth>
	</size>
	<segmented>0</segmented>
	<object>
		<name>card_number</name>
		<pose>Unspecified</pose>
		<truncated>0</truncated>
		<difficult>0</difficult>
		<bndbox>
			<xmin>15</xmin>
			<ymin>60</ymin>
			<xmax>165</xmax>
			<ymax>73</ymax>
		</bndbox>
	</object>
</annotation>
