<annotation>
	<folder>train_raw_card_image</folder>
	<filename>hangSengMUJIVisa.jpg</filename>
	<path>/Users/qinzx/Documents/train_raw_card_image/hangSengMUJIVisa.jpg</path>
	<source>
		<database>Unknown</database>
	</source>
	<size>
		<width>1188</width>
		<height>748</height>
		<depth>3</depth>
	</size>
	<segmented>0</segmented>
	<object>
		<name>card_number</name>
		<pose>Unspecified</pose>
		<truncated>0</truncated>
		<difficult>0</difficult>
		<bndbox>
			<xmin>119</xmin>
			<ymin>407</ymin>
			<xmax>1081</xmax>
			<ymax>479</ymax>
		</bndbox>
	</object>
</annotation>
