<annotation>
	<folder>train_raw_card_image</folder>
	<filename>hangSengCUP.jpg</filename>
	<path>/Users/qinzx/Documents/train_raw_card_image/hangSengCUP.jpg</path>
	<source>
		<database>Unknown</database>
	</source>
	<size>
		<width>1618</width>
		<height>1021</height>
		<depth>3</depth>
	</size>
	<segmented>0</segmented>
	<object>
		<name>card_number</name>
		<pose>Unspecified</pose>
		<truncated>0</truncated>
		<difficult>0</difficult>
		<bndbox>
			<xmin>146</xmin>
			<ymin>569</ymin>
			<xmax>1470</xmax>
			<ymax>662</ymax>
		</bndbox>
	</object>
</annotation>
