<annotation>
	<folder>train_raw_card_image</folder>
	<filename>hsbcVisaSignature.jpg</filename>
	<path>/Users/qinzx/Documents/train_raw_card_image/hsbcVisaSignature.jpg</path>
	<source>
		<database>Unknown</database>
	</source>
	<size>
		<width>989</width>
		<height>618</height>
		<depth>3</depth>
	</size>
	<segmented>0</segmented>
	<object>
		<name>card_number</name>
		<pose>Unspecified</pose>
		<truncated>0</truncated>
		<difficult>0</difficult>
		<bndbox>
			<xmin>86</xmin>
			<ymin>340</ymin>
			<xmax>900</xmax>
			<ymax>402</ymax>
		</bndbox>
	</object>
</annotation>
