<annotation>
	<folder>train_raw_card_image</folder>
	<filename>hsbcPlatinum.jpg</filename>
	<path>/Users/qinzx/Documents/train_raw_card_image/hsbcPlatinum.jpg</path>
	<source>
		<database>Unknown</database>
	</source>
	<size>
		<width>987</width>
		<height>620</height>
		<depth>3</depth>
	</size>
	<segmented>0</segmented>
	<object>
		<name>card_number</name>
		<pose>Unspecified</pose>
		<truncated>0</truncated>
		<difficult>0</difficult>
		<bndbox>
			<xmin>95</xmin>
			<ymin>347</ymin>
			<xmax>895</xmax>
			<ymax>401</ymax>
		</bndbox>
	</object>
</annotation>
