<annotation>
	<folder>train_raw_card_image</folder>
	<filename>icbcGlobalTravel.jpg</filename>
	<path>/Users/qinzx/Documents/train_raw_card_image/icbcGlobalTravel.jpg</path>
	<source>
		<database>Unknown</database>
	</source>
	<size>
		<width>160</width>
		<height>101</height>
		<depth>3</depth>
	</size>
	<segmented>0</segmented>
	<object>
		<name>card_number</name>
		<pose>Unspecified</pose>
		<truncated>0</truncated>
		<difficult>0</difficult>
		<bndbox>
			<xmin>15</xmin>
			<ymin>55</ymin>
			<xmax>142</xmax>
			<ymax>68</ymax>
		</bndbox>
	</object>
</annotation>
