<annotation>
	<folder>train_raw_card_image</folder>
	<filename>icbcChimelongPlatinum.jpg</filename>
	<path>/Users/qinzx/Documents/train_raw_card_image/icbcChimelongPlatinum.jpg</path>
	<source>
		<database>Unknown</database>
	</source>
	<size>
		<width>152</width>
		<height>97</height>
		<depth>3</depth>
	</size>
	<segmented>0</segmented>
	<object>
		<name>card_number</name>
		<pose>Unspecified</pose>
		<truncated>0</truncated>
		<difficult>0</difficult>
		<bndbox>
			<xmin>16</xmin>
			<ymin>54</ymin>
			<xmax>138</xmax>
			<ymax>65</ymax>
		</bndbox>
	</object>
</annotation>
