<annotation>
	<folder>train_raw_card_image</folder>
	<filename>icbcXploreVisaSignature.jpg</filename>
	<path>/Users/qinzx/Documents/train_raw_card_image/icbcXploreVisaSignature.jpg</path>
	<source>
		<database>Unknown</database>
	</source>
	<size>
		<width>579</width>
		<height>365</height>
		<depth>3</depth>
	</size>
	<segmented>0</segmented>
	<object>
		<name>card_number</name>
		<pose>Unspecified</pose>
		<truncated>0</truncated>
		<difficult>0</difficult>
		<bndbox>
			<xmin>53</xmin>
			<ymin>202</ymin>
			<xmax>528</xmax>
			<ymax>246</ymax>
		</bndbox>
	</object>
</annotation>
