<annotation>
	<folder>train_raw_card_image</folder>
	<filename>icbcYanOiTong.jpg</filename>
	<path>/Users/qinzx/Documents/train_raw_card_image/icbcYanOiTong.jpg</path>
	<source>
		<database>Unknown</database>
	</source>
	<size>
		<width>149</width>
		<height>93</height>
		<depth>3</depth>
	</size>
	<segmented>0</segmented>
	<object>
		<name>card_number</name>
		<pose>Unspecified</pose>
		<truncated>0</truncated>
		<difficult>0</difficult>
		<bndbox>
			<xmin>17</xmin>
			<ymin>53</ymin>
			<xmax>137</xmax>
			<ymax>64</ymax>
		</bndbox>
	</object>
</annotation>
