<annotation>
	<folder>train_raw_card_image</folder>
	<filename>primeCreditWeWaPlatinum.jpg</filename>
	<path>/Users/qinzx/Documents/train_raw_card_image/primeCreditWeWaPlatinum.jpg</path>
	<source>
		<database>Unknown</database>
	</source>
	<size>
		<width>870</width>
		<height>549</height>
		<depth>3</depth>
	</size>
	<segmented>0</segmented>
	<object>
		<name>card_number</name>
		<pose>Unspecified</pose>
		<truncated>0</truncated>
		<difficult>0</difficult>
		<bndbox>
			<xmin>90</xmin>
			<ymin>292</ymin>
			<xmax>798</xmax>
			<ymax>353</ymax>
		</bndbox>
	</object>
</annotation>
