<annotation>
	<folder>train_raw_card_image</folder>
	<filename>primeCreditEarnMorePlatinum.jpg</filename>
	<path>/Users/qinzx/Documents/train_raw_card_image/primeCreditEarnMorePlatinum.jpg</path>
	<source>
		<database>Unknown</database>
	</source>
	<size>
		<width>116</width>
		<height>71</height>
		<depth>3</depth>
	</size>
	<segmented>0</segmented>
	<object>
		<name>card_number</name>
		<pose>Unspecified</pose>
		<truncated>0</truncated>
		<difficult>0</difficult>
		<bndbox>
			<xmin>11</xmin>
			<ymin>37</ymin>
			<xmax>107</xmax>
			<ymax>47</ymax>
		</bndbox>
	</object>
</annotation>
