<annotation>
	<folder>train_raw_card_image</folder>
	<filename>primeCreditWeWa.jpg</filename>
	<path>/Users/qinzx/Documents/train_raw_card_image/primeCreditWeWa.jpg</path>
	<source>
		<database>Unknown</database>
	</source>
	<size>
		<width>869</width>
		<height>547</height>
		<depth>3</depth>
	</size>
	<segmented>0</segmented>
	<object>
		<name>card_number</name>
		<pose>Unspecified</pose>
		<truncated>0</truncated>
		<difficult>0</difficult>
		<bndbox>
			<xmin>85</xmin>
			<ymin>289</ymin>
			<xmax>797</xmax>
			<ymax>352</ymax>
		</bndbox>
	</object>
</annotation>
