<annotation>
	<folder>train_raw_card_image</folder>
	<filename>publicBankVisa.jpg</filename>
	<path>/Users/qinzx/Documents/train_raw_card_image/publicBankVisa.jpg</path>
	<source>
		<database>Unknown</database>
	</source>
	<size>
		<width>152</width>
		<height>96</height>
		<depth>3</depth>
	</size>
	<segmented>0</segmented>
	<object>
		<name>card_number</name>
		<pose>Unspecified</pose>
		<truncated>0</truncated>
		<difficult>0</difficult>
		<bndbox>
			<xmin>13</xmin>
			<ymin>52</ymin>
			<xmax>139</xmax>
			<ymax>63</ymax>
		</bndbox>
	</object>
</annotation>
