<annotation>
	<folder>train_raw_card_image</folder>
	<filename>scbAsiaMiles.jpg</filename>
	<path>/Users/qinzx/Documents/train_raw_card_image/scbAsiaMiles.jpg</path>
	<source>
		<database>Unknown</database>
	</source>
	<size>
		<width>458</width>
		<height>288</height>
		<depth>3</depth>
	</size>
	<segmented>0</segmented>
	<object>
		<name>card_number</name>
		<pose>Unspecified</pose>
		<truncated>0</truncated>
		<difficult>0</difficult>
		<bndbox>
			<xmin>44</xmin>
			<ymin>155</ymin>
			<xmax>420</xmax>
			<ymax>193</ymax>
		</bndbox>
	</object>
</annotation>
