<annotation>
	<folder>train_raw_card_image</folder>
	<filename>scbVisaPlatinum.jpg</filename>
	<path>/Users/qinzx/Documents/train_raw_card_image/scbVisaPlatinum.jpg</path>
	<source>
		<database>Unknown</database>
	</source>
	<size>
		<width>240</width>
		<height>151</height>
		<depth>3</depth>
	</size>
	<segmented>0</segmented>
	<object>
		<name>card_number</name>
		<pose>Unspecified</pose>
		<truncated>0</truncated>
		<difficult>0</difficult>
		<bndbox>
			<xmin>22</xmin>
			<ymin>75</ymin>
			<xmax>220</xmax>
			<ymax>94</ymax>
		</bndbox>
	</object>
</annotation>
