<annotation>
	<folder>train_raw_card_image</folder>
	<filename>shaCommPopular.jpg</filename>
	<path>/Users/qinzx/Documents/train_raw_card_image/shaCommPopular.jpg</path>
	<source>
		<database>Unknown</database>
	</source>
	<size>
		<width>284</width>
		<height>179</height>
		<depth>3</depth>
	</size>
	<segmented>0</segmented>
	<object>
		<name>card_number</name>
		<pose>Unspecified</pose>
		<truncated>0</truncated>
		<difficult>0</difficult>
		<bndbox>
			<xmin>29</xmin>
			<ymin>98</ymin>
			<xmax>270</xmax>
			<ymax>120</ymax>
		</bndbox>
	</object>
</annotation>
