<annotation>
	<folder>train_raw_card_image</folder>
	<filename>shaCommTVB.jpg</filename>
	<path>/Users/qinzx/Documents/train_raw_card_image/shaCommTVB.jpg</path>
	<source>
		<database>Unknown</database>
	</source>
	<size>
		<width>282</width>
		<height>181</height>
		<depth>3</depth>
	</size>
	<segmented>0</segmented>
	<object>
		<name>card_number</name>
		<pose>Unspecified</pose>
		<truncated>0</truncated>
		<difficult>0</difficult>
		<bndbox>
			<xmin>25</xmin>
			<ymin>102</ymin>
			<xmax>256</xmax>
			<ymax>124</ymax>
		</bndbox>
	</object>
</annotation>
