<annotation>
	<folder>train_raw_card_image</folder>
	<filename>shaCommCorp.jpg</filename>
	<path>/Users/qinzx/Documents/train_raw_card_image/shaCommCorp.jpg</path>
	<source>
		<database>Unknown</database>
	</source>
	<size>
		<width>205</width>
		<height>131</height>
		<depth>3</depth>
	</size>
	<segmented>0</segmented>
	<object>
		<name>card_number</name>
		<pose>Unspecified</pose>
		<truncated>0</truncated>
		<difficult>0</difficult>
		<bndbox>
			<xmin>15</xmin>
			<ymin>74</ymin>
			<xmax>188</xmax>
			<ymax>89</ymax>
		</bndbox>
	</object>
</annotation>
